jahr;region_code;region;ebene;bundesland_code;arbeitslose_insg;arbeitslose_ausl;arbeitslose_15_20;arbeitslose_15_25;alq_insg;jugend_alq_15_25
2025;DG;Deutschland;DE;DG;2948092;1081475;65230;273397;6.8;5.7
2025;01;Schleswig-Holstein;BL;01;95886;29850;2467;9930;6.4;5.8
2025;01001;Flensburg, kreisfreie Stadt;KR;01;4642;1408;81;492;9.3;6.7
2025;01002;Kiel, kreisfreie Stadt;KR;01;11665;3700;282;1091;8.8;6.0
2025;01003;Lübeck, kreisfreie Stadt, Hansestadt;KR;01;10061;2934;250;982;9.2;7.6
2025;01004;Neumünster, kreisfreie Stadt;KR;01;3763;1181;117;430;9.3;8.5
2025;01051;Dithmarschen, Kreis;KR;01;4648;1254;144;571;7.1;6.9
2025;01053;Herzogtum Lauenburg, Kreis;KR;01;5881;1957;173;644;5.8;6.0
2025;01054;Nordfriesland, Kreis;KR;01;4776;1303;119;531;5.5;4.9
2025;01055;Ostholstein, Kreis;KR;01;5393;1330;134;517;5.4;4.6
2025;01056;Pinneberg, Kreis;KR;01;10206;4325;257;1088;6.1;6.0
2025;01057;Plön, Kreis;KR;01;3004;718;94;336;4.8;5.2
2025;01058;Rendsburg-Eckernförde, Kreis;KR;01;6903;1880;211;808;5.1;5.5
2025;01059;Schleswig-Flensburg, Kreis;KR;01;6309;1622;205;690;6.2;6.1
2025;01060;Segeberg, Kreis;KR;01;8259;2699;154;679;5.6;4.4
2025;01061;Steinburg, Kreis;KR;01;4310;1271;115;485;6.4;6.7
2025;01062;Stormarn, Kreis;KR;01;6065;2270;132;587;4.9;4.6
2025;02;Hamburg;BL;02;93783;37824;1475;7305;9.2;6.7
2025;03;Niedersachsen;BL;03;273342;92446;6047;27454;6.6;5.7
2025;031;Braunschweig, Statistische Region;RB;03;56495;18576;1189;5527;;6.4
2025;03101;Braunschweig, kreisfreie Stadt;KR;03;9110;2938;134;715;6.8;5.0
2025;03102;Salzgitter, kreisfreie Stadt;KR;03;5452;2537;104;596;10.9;10.1
2025;03103;Wolfsburg, kreisfreie Stadt;KR;03;4511;2109;84;456;7.1;6.9
2025;03151;Gifhorn, Landkreis;KR;03;4564;1329;96;440;5.1;4.8
2025;03152;Göttingen, Landkreis;KR;03;;;;;;
2025;03153;Goslar, Landkreis;KR;03;4932;1279;112;485;7.8;7.2
2025;03154;Helmstedt, Landkreis;KR;03;3597;948;79;420;7.8;9.5
2025;03155;Northeim, Landkreis;KR;03;4582;1145;119;499;7.0;7.2
2025;03156;Osterode am Harz, Landkreis;KR;03;;;;;;
2025;03157;Peine, Landkreis;KR;03;4577;1679;113;471;6.5;6.3
2025;03158;Wolfenbüttel, Landkreis;KR;03;3526;1101;64;302;5.9;5.2
2025;03159;Göttingen, Landkreis;KR;03;11643;3513;284;1142;7.2;6.0
2025;032;Hannover, Statistische Region;RB;03;87573;34299;1883;8391;;6.8
2025;03241;Region Hannover, Landkreis;KR;03;53240;23062;1010;4705;8.7;7.0
2025;03251;Diepholz, Landkreis;KR;03;5591;1839;149;621;4.8;4.7
2025;03252;Hameln-Pyrmont, Landkreis;KR;03;5512;1950;138;573;7.5;7.3
2025;03254;Hildesheim, Landkreis;KR;03;11230;3623;234;1064;8.1;6.8
2025;03255;Holzminden, Landkreis;KR;03;2610;708;65;292;7.8;7.6
2025;03256;Nienburg (Weser), Landkreis;KR;03;4090;1364;102;461;6.5;6.0
2025;03257;Schaumburg, Landkreis;KR;03;5300;1753;186;675;6.8;8.0
2025;033;Lüneburg, Statistische Region;RB;03;51223;14980;1317;5544;;5.5
2025;03351;Celle, Landkreis;KR;03;5835;1495;172;726;6.6;7.5
2025;03352;Cuxhaven, Landkreis;KR;03;6250;1640;153;597;6.4;5.6
2025;03353;Harburg, Landkreis;KR;03;7068;2356;156;744;5.2;5.0
2025;03354;Lüchow-Dannenberg, Landkreis;KR;03;1803;332;47;191;8.4;8.2
2025;03355;Lüneburg, Landkreis;KR;03;6322;1787;130;626;6.6;5.6
2025;03356;Osterholz, Landkreis;KR;03;2249;707;58;263;3.9;4.4
2025;03357;Rotenburg (Wümme), Landkreis;KR;03;3786;1069;87;455;4.3;4.2
2025;03358;Heidekreis;KR;03;5166;1532;230;668;7.1;7.4
2025;03359;Stade, Landkreis;KR;03;7081;2397;165;681;6.4;5.4
2025;03360;Uelzen, Landkreis;KR;03;2491;607;44;247;5.6;5.0
2025;03361;Verden, Landkreis;KR;03;3173;1060;75;345;4.4;4.1
2025;034;Weser-Ems, Statistische Region;RB;03;78051;24591;1658;7992;;4.6
2025;03401;Delmenhorst, kreisfreie Stadt;KR;03;4325;1762;83;430;11.7;9.4
2025;03402;Emden, kreisfreie Stadt;KR;03;2519;688;53;246;9.7;7.5
2025;03403;Oldenburg (Oldenburg), kreisfreie Stadt;KR;03;6917;2167;132;679;7.3;5.5
2025;03404;Osnabrück, kreisfreie Stadt;KR;03;7972;3133;162;761;8.7;5.9
2025;03405;Wilhelmshaven, kreisfreie Stadt;KR;03;4316;1135;77;389;11.9;9.1
2025;03451;Ammerland, Landkreis;KR;03;2889;865;61;285;4.4;3.7
2025;03452;Aurich, Landkreis;KR;03;6827;1619;120;687;7.0;5.8
2025;03453;Cloppenburg, Landkreis;KR;03;4684;1422;130;563;4.8;4.0
2025;03454;Emsland, Landkreis;KR;03;7095;2485;183;790;3.8;3.2
2025;03455;Friesland, Landkreis;KR;03;2412;581;42;216;5.0;4.0
2025;03456;Grafschaft Bentheim, Landkreis;KR;03;2902;1103;66;285;3.9;2.9
2025;03457;Leer, Landkreis;KR;03;5802;1583;105;600;6.6;5.6
2025;03458;Oldenburg, Landkreis;KR;03;2956;862;82;339;4.1;4.1
2025;03459;Osnabrück, Landkreis;KR;03;8049;2306;178;831;4.1;3.5
2025;03460;Vechta, Landkreis;KR;03;3475;1501;71;376;4.1;3.3
2025;03461;Wesermarsch, Landkreis;KR;03;3254;1005;81;346;7.2;6.5
2025;03462;Wittmund, Landkreis;KR;03;1657;375;34;171;6.0;5.0
2025;04;Bremen;BL;04;43293;19430;748;3804;12.4;9.4
2025;04011;Bremen, kreisfreie Stadt;KR;04;34206;16032;569;2968;11.8;8.9
2025;04012;Bremerhaven, kreisfreie Stadt;KR;04;9087;3398;179;835;15.7;11.4
2025;05;Nordrhein-Westfalen;BL;05;783416;305282;14877;68048;8.4;6.4
2025;051;Düsseldorf, Regierungsbezirk;RB;05;255097;105071;4650;21118;;7.6
2025;05111;Düsseldorf, kreisfreie Stadt;KR;05;28819;12229;367;1837;8.6;5.7
2025;05112;Duisburg, kreisfreie Stadt;KR;05;35261;16697;694;2809;14.3;10.2
2025;05113;Essen, kreisfreie Stadt;KR;05;35270;15648;806;3340;12.2;11.0
2025;05114;Krefeld, kreisfreie Stadt;KR;05;13818;5505;215;1085;11.9;8.6
2025;05116;Mönchengladbach, kreisfreie Stadt;KR;05;15604;5752;302;1443;11.7;9.5
2025;05117;Mülheim an der Ruhr, kreisfreie Stadt;KR;05;7172;3375;84;421;8.7;5.4
2025;05119;Oberhausen, kreisfreie Stadt;KR;05;12743;5061;218;1003;12.3;9.4
2025;05120;Remscheid, kreisfreie Stadt;KR;05;5066;2087;107;481;9.0;7.7
2025;05122;Solingen, kreisfreie Stadt;KR;05;7460;3169;155;713;9.1;8.1
2025;05124;Wuppertal, kreisfreie Stadt;KR;05;20162;9467;478;1954;11.5;9.6
2025;05154;Kleve, Kreis;KR;05;10866;4262;238;1107;6.8;5.6
2025;05158;Mettmann, Kreis;KR;05;18978;7251;300;1498;7.8;6.1
2025;05162;Rhein-Kreis Neuss;KR;05;15892;6085;229;1096;6.9;4.7
2025;05166;Viersen, Kreis;KR;05;9763;2825;142;750;6.4;4.7
2025;05170;Wesel, Kreis;KR;05;18221;5660;316;1581;7.9;6.7
2025;053;Köln, Regierungsbezirk;RB;05;183143;68036;3124;14791;;5.6
2025;05314;Bonn, kreisfreie Stadt;KR;05;13710;5453;200;937;8.0;4.7
2025;05315;Köln, kreisfreie Stadt;KR;05;56541;22705;783;3695;9.7;6.0
2025;05316;Leverkusen, kreisfreie Stadt;KR;05;6800;2659;87;483;8.3;5.6
2025;05334;Städteregion Aachen, Kreis;KR;05;24645;9164;467;2116;8.3;5.5
2025;05354;Aachen, Kreis;KR;05;;;;;;
2025;05358;Düren, Kreis;KR;05;11324;3967;274;1221;8.2;8.0
2025;05362;Rhein-Erft-Kreis;KR;05;17334;6532;306;1437;7.0;5.3
2025;05366;Euskirchen, Kreis;KR;05;6417;1852;118;585;6.4;5.1
2025;05370;Heinsberg, Kreis;KR;05;8705;2595;186;882;6.6;6.0
2025;05374;Oberbergischer Kreis;KR;05;8611;2815;200;925;6.1;5.5
2025;05378;Rheinisch-Bergischer Kreis;KR;05;9584;3289;160;792;6.7;5.3
2025;05382;Rhein-Sieg-Kreis;KR;05;19471;7007;343;1719;6.3;5.0
2025;055;Münster, Regierungsbezirk;RB;05;103396;40691;2418;10049;;5.8
2025;05512;Bottrop, kreisfreie Stadt;KR;05;5117;1768;72;444;8.9;7.4
2025;05513;Gelsenkirchen, kreisfreie Stadt;KR;05;20770;9547;523;2032;16.4;13.4
2025;05515;Münster, kreisfreie Stadt;KR;05;9600;3209;169;828;5.6;3.2
2025;05554;Borken, Kreis;KR;05;10360;3978;327;1169;4.9;4.2
2025;05558;Coesfeld, Kreis;KR;05;5436;2383;180;667;4.6;4.7
2025;05562;Recklinghausen, Kreis;KR;05;28709;10607;564;2363;9.3;7.1
2025;05566;Steinfurt, Kreis;KR;05;14034;5529;346;1559;5.7;5.0
2025;05570;Warendorf, Kreis;KR;05;9371;3672;238;987;6.2;5.3
2025;057;Detmold, Regierungsbezirk;RB;05;73960;26343;1466;7284;;5.5
2025;05711;Bielefeld, kreisfreie Stadt;KR;05;17086;7027;302;1496;9.8;6.7
2025;05754;Gütersloh, Kreis;KR;05;11055;4357;163;1010;5.5;4.0
2025;05758;Herford, Kreis;KR;05;8964;2939;169;856;6.9;5.8
2025;05762;Höxter, Kreis;KR;05;3525;1026;68;368;5.0;4.4
2025;05766;Lippe, Kreis;KR;05;11350;3350;271;1215;6.5;5.8
2025;05770;Minden-Lübbecke, Kreis;KR;05;11102;4038;319;1275;6.9;6.7
2025;05774;Paderborn, Kreis;KR;05;10879;3606;173;1065;6.5;4.9
2025;059;Arnsberg, Regierungsbezirk;RB;05;167820;65140;3220;14806;;7.1
2025;05911;Bochum, kreisfreie Stadt;KR;05;18079;6536;301;1383;9.7;6.6
2025;05913;Dortmund, kreisfreie Stadt;KR;05;39689;17559;779;3487;12.9;9.9
2025;05914;Hagen, kreisfreie Stadt;KR;05;12682;6037;255;1132;13.3;10.3
2025;05915;Hamm, kreisfreie Stadt;KR;05;8463;3033;152;826;9.4;7.5
2025;05916;Herne, kreisfreie Stadt;KR;05;10086;4173;196;980;13.1;11.0
2025;05954;Ennepe-Ruhr-Kreis;KR;05;12790;4722;277;1112;7.9;6.8
2025;05958;Hochsauerlandkreis;KR;05;7498;2673;145;770;5.4;4.5
2025;05962;Märkischer Kreis;KR;05;18729;7051;356;1568;9.0;6.8
2025;05966;Olpe, Kreis;KR;05;3642;1277;79;353;5.0;3.9
2025;05970;Siegen-Wittgenstein, Kreis;KR;05;9453;3509;249;1046;6.5;6.1
2025;05974;Soest, Kreis;KR;05;10394;3262;186;962;6.5;5.3
2025;05978;Unna, Kreis;KR;05;16314;5311;244;1186;8.1;5.6
2025;06;Hessen;BL;06;205944;95648;6105;21175;6.3;5.9
2025;064;Darmstadt, Regierungsbezirk;RB;06;138353;68685;4278;13999;;6.3
2025;06411;Darmstadt, kreisfreie Stadt, Wissenschaftsstadt;KR;06;5823;2886;153;578;6.8;5.3
2025;06412;Frankfurt am Main, kreisfreie Stadt;KR;06;30822;15936;571;2317;7.5;5.7
2025;06413;Offenbach am Main, kreisfreie Stadt;KR;06;7735;4523;229;706;10.3;8.4
2025;06414;Wiesbaden, kreisfreie Stadt, Landeshauptstadt;KR;06;13249;6525;393;1331;8.8;7.5
2025;06431;Bergstraße, Landkreis;KR;06;6996;3139;125;534;5.1;3.7
2025;06432;Darmstadt-Dieburg, Landkreis;KR;06;8703;4203;221;869;5.7;5.5
2025;06433;Groß-Gerau, Landkreis;KR;06;10751;5734;249;1048;7.4;6.5
2025;06434;Hochtaunuskreis;KR;06;5778;2702;231;591;5.1;5.3
2025;06435;Main-Kinzig-Kreis;KR;06;14640;7176;951;2266;6.7;9.5
2025;06436;Main-Taunus-Kreis;KR;06;7254;3814;342;848;5.9;6.9
2025;06437;Odenwaldkreis;KR;06;2466;1071;87;307;5.2;5.7
2025;06438;Offenbach, Landkreis;KR;06;10952;5427;345;1226;6.0;6.2
2025;06439;Rheingau-Taunus-Kreis;KR;06;5166;2570;169;554;5.5;5.6
2025;06440;Wetteraukreis;KR;06;8019;2981;212;825;5.0;5.0
2025;065;Gießen, Regierungsbezirk;RB;06;32025;13222;849;3327;;5.1
2025;06531;Gießen, Landkreis;KR;06;9426;3965;203;851;6.7;4.7
2025;06532;Lahn-Dill-Kreis;KR;06;8444;3777;269;925;6.6;6.4
2025;06533;Limburg-Weilburg, Landkreis;KR;06;5233;2153;130;562;6.0;5.7
2025;06534;Marburg-Biedenkopf, Landkreis;KR;06;6416;2518;149;664;5.1;4.0
2025;06535;Vogelsbergkreis;KR;06;2506;808;98;325;4.8;5.6
2025;066;Kassel, Regierungsbezirk;RB;06;35566;13741;979;3849;;5.4
2025;06611;Kassel, kreisfreie Stadt, documenta-Stadt;KR;06;10066;4706;177;806;9.8;6.4
2025;06631;Fulda, Landkreis;KR;06;4965;2102;135;588;4.2;3.9
2025;06632;Hersfeld-Rotenburg, Landkreis;KR;06;2839;1009;142;373;4.8;5.3
2025;06633;Kassel, Landkreis;KR;06;6084;2136;164;697;5.1;5.7
2025;06634;Schwalm-Eder-Kreis;KR;06;4594;1626;146;536;5.0;5.3
2025;06635;Waldeck-Frankenberg, Landkreis;KR;06;4185;1433;121;489;5.2;5.2
2025;06636;Werra-Meißner-Kreis;KR;06;2833;729;94;361;5.9;7.0
2025;07;Rheinland-Pfalz;BL;07;126067;44199;3351;12845;6.0;5.3
2025;071;Koblenz, Statistische Region;RB;07;42188;13776;1068;4204;;
2025;07111;Koblenz, kreisfreie Stadt;KR;07;4315;1686;70;348;7.2;4.7
2025;07131;Ahrweiler, Landkreis;KR;07;2884;840;68;285;4.5;4.0
2025;07132;Altenkirchen (Westerwald), Landkreis;KR;07;4315;1264;99;400;6.5;5.3
2025;07133;Bad Kreuznach, Landkreis;KR;07;5914;1999;191;651;7.4;7.5
2025;07134;Birkenfeld, Landkreis;KR;07;2994;925;91;320;7.5;7.1
2025;07135;Cochem-Zell, Landkreis;KR;07;1325;401;30;129;4.2;3.2
2025;07137;Mayen-Koblenz, Landkreis;KR;07;4868;1645;143;551;4.4;4.4
2025;07138;Neuwied, Landkreis;KR;07;5545;1897;119;493;5.9;4.4
2025;07140;Rhein-Hunsrück-Kreis;KR;07;2502;740;70;271;4.5;4.3
2025;07141;Rhein-Lahn-Kreis;KR;07;2963;994;67;287;4.8;4.4
2025;07143;Westerwaldkreis;KR;07;4563;1385;122;470;4.2;3.9
2025;072;Trier, Statistische Region;RB;07;13360;4344;421;1567;;
2025;07211;Trier, kreisfreie Stadt;KR;07;4591;1711;141;544;7.8;6.1
2025;07231;Bernkastel-Wittlich, Landkreis;KR;07;2635;817;73;292;4.4;4.0
2025;07232;Eifelkreis Bitburg-Prüm;KR;07;1850;606;60;218;3.6;2.9
2025;07233;Vulkaneifel, Landkreis;KR;07;1526;374;52;185;4.9;4.9
2025;07235;Trier-Saarburg, Landkreis;KR;07;2758;837;96;329;3.6;3.3
2025;073;Rheinhessen-Pfalz, Statistische Region;RB;07;70519;26079;1862;7074;;
2025;07311;Frankenthal (Pfalz), kreisfreie Stadt;KR;07;1959;880;59;214;8.9;8.2
2025;07312;Kaiserslautern, kreisfreie Stadt;KR;07;5330;1959;116;496;10.2;7.7
2025;07313;Landau in der Pfalz, kreisfreie Stadt;KR;07;1730;597;36;164;6.8;5.0
2025;07314;Ludwigshafen am Rhein, kreisfreie Stadt;KR;07;9148;4719;238;918;10.3;8.5
2025;07315;Mainz, kreisfreie Stadt;KR;07;7505;3519;150;621;6.2;4.0
2025;07316;Neustadt an der Weinstraße, kreisfreie Stadt;KR;07;1984;716;54;202;7.3;6.9
2025;07317;Pirmasens, kreisfreie Stadt;KR;07;2629;781;64;268;13.4;12.2
2025;07318;Speyer, kreisfreie Stadt;KR;07;1654;532;35;146;6.6;5.5
2025;07319;Worms, kreisfreie Stadt;KR;07;4182;1826;127;489;9.5;9.2
2025;07320;Zweibrücken, kreisfreie Stadt;KR;07;1430;425;33;143;8.2;7.0
2025;07331;Alzey-Worms, Landkreis;KR;07;3445;1138;84;358;5.1;4.8
2025;07332;Bad Dürkheim, Landkreis;KR;07;3418;980;82;334;5.1;5.0
2025;07333;Donnersbergkreis;KR;07;2434;627;58;243;6.3;5.8
2025;07334;Germersheim, Landkreis;KR;07;3657;1247;95;360;5.3;4.8
2025;07335;Kaiserslautern, Landkreis;KR;07;3062;766;73;340;5.9;6.0
2025;07336;Kusel, Landkreis;KR;07;1850;327;60;201;5.5;5.8
2025;07337;Südliche Weinstraße, Landkreis;KR;07;2921;855;67;275;5.1;4.6
2025;07338;Rhein-Pfalz-Kreis;KR;07;3765;1170;79;331;4.7;3.9
2025;07339;Mainz-Bingen, Landkreis;KR;07;6084;2548;292;748;5.5;6.5
2025;07340;Südwestpfalz, Landkreis;KR;07;2334;467;59;224;5.0;4.9
2025;08;Baden-Württemberg;BL;08;293713;125127;5419;25896;4.9;3.7
2025;081;Stuttgart, Regierungsbezirk;RB;08;114054;52245;2003;9965;;4.0
2025;08111;Stuttgart, Stadtkreis;KR;08;23366;12255;431;1918;7.1;5.4
2025;08115;Böblingen, Landkreis;KR;08;9633;4631;155;718;4.6;3.3
2025;08116;Esslingen, Landkreis;KR;08;14097;6651;229;1269;4.9;4.1
2025;08117;Göppingen, Landkreis;KR;08;7729;3503;148;740;5.7;4.8
2025;08118;Ludwigsburg, Landkreis;KR;08;13208;6666;265;1243;4.5;4.0
2025;08119;Rems-Murr-Kreis, Landkreis;KR;08;11272;5103;146;876;5.0;3.5
2025;08121;Heilbronn, Stadtkreis;KR;08;5027;2579;78;461;7.2;5.3
2025;08125;Heilbronn, Landkreis;KR;08;8561;3458;167;779;4.5;3.6
2025;08126;Hohenlohekreis, Landkreis;KR;08;2549;889;45;237;4.0;3.2
2025;08127;Schwäbisch Hall, Landkreis;KR;08;4747;1779;111;504;4.3;3.8
2025;08128;Main-Tauber-Kreis, Landkreis;KR;08;2822;925;54;281;4.0;3.5
2025;08135;Heidenheim, Landkreis;KR;08;3876;1552;64;337;5.5;4.0
2025;08136;Ostalbkreis, Landkreis;KR;08;7168;2254;109;602;4.3;2.9
2025;082;Karlsruhe, Regierungsbezirk;RB;08;79407;32486;1251;6208;;3.7
2025;08211;Baden-Baden, Stadtkreis;KR;08;2139;1123;34;151;7.7;5.2
2025;08212;Karlsruhe, Stadtkreis;KR;08;8870;3249;151;729;5.5;3.7
2025;08215;Karlsruhe, Landkreis;KR;08;10725;4201;239;1029;4.5;4.1
2025;08216;Rastatt, Landkreis;KR;08;5245;2008;77;443;4.2;3.3
2025;08221;Heidelberg, Stadtkreis;KR;08;4151;1522;59;277;5.4;2.5
2025;08222;Mannheim, Stadtkreis;KR;08;14364;6857;114;631;8.5;3.1
2025;08225;Neckar-Odenwald-Kreis, Landkreis;KR;08;3337;994;58;327;4.4;3.7
2025;08226;Rhein-Neckar-Kreis, Landkreis;KR;08;14108;5389;233;1135;5.0;3.8
2025;08231;Pforzheim, Stadtkreis;KR;08;5176;2766;73;424;8.0;5.3
2025;08235;Calw, Landkreis;KR;08;3952;1546;68;339;4.6;3.3
2025;08236;Enzkreis, Landkreis;KR;08;4176;1670;84;411;4.0;3.4
2025;08237;Freudenstadt, Landkreis;KR;08;3165;1161;63;313;4.8;3.8
2025;083;Freiburg, Regierungsbezirk;RB;08;59249;23447;1309;5675;;3.7
2025;08311;Freiburg im Breisgau, Stadtkreis;KR;08;7472;2691;127;550;6.0;3.2
2025;08315;Breisgau-Hochschwarzwald, Landkreis;KR;08;5750;2142;122;538;4.0;3.1
2025;08316;Emmendingen, Landkreis;KR;08;3272;1174;47;300;3.6;2.8
2025;08317;Ortenaukreis, Landkreis;KR;08;10537;4034;207;986;4.4;3.4
2025;08325;Rottweil, Landkreis;KR;08;2870;1148;84;361;3.8;3.9
2025;08326;Schwarzwald-Baar-Kreis, Landkreis;KR;08;6051;2563;126;634;5.4;4.7
2025;08327;Tuttlingen, Landkreis;KR;08;4432;2036;205;629;5.7;6.4
2025;08335;Konstanz, Landkreis;KR;08;7301;2860;147;657;4.7;3.1
2025;08336;Lörrach, Landkreis;KR;08;7119;2923;108;538;5.8;3.5
2025;08337;Waldshut, Landkreis;KR;08;4445;1875;136;481;5.0;4.0
2025;084;Tübingen, Regierungsbezirk;RB;08;41003;16948;856;4049;;3.3
2025;08415;Reutlingen, Landkreis;KR;08;7912;3461;134;670;5.2;3.8
2025;08416;Tübingen, Landkreis;KR;08;4715;1953;69;364;3.9;2.3
2025;08417;Zollernalbkreis, Landkreis;KR;08;5084;1917;124;507;5.0;4.3
2025;08421;Ulm, Stadtkreis;KR;08;3204;1572;78;334;4.6;3.8
2025;08425;Alb-Donau-Kreis, Landkreis;KR;08;3671;1636;74;406;3.3;3.0
2025;08426;Biberach, Landkreis;KR;08;3390;1382;91;396;3.0;2.9
2025;08435;Bodenseekreis, Landkreis;KR;08;4797;2116;143;504;4.1;3.8
2025;08436;Ravensburg, Landkreis;KR;08;5382;1997;92;590;3.4;2.9
2025;08437;Sigmaringen, Landkreis;KR;08;2847;916;50;279;4.0;3.2
2025;09;Bayern;BL;09;315289;120588;7350;29913;4.4;3.6
2025;091;Oberbayern, Regierungsbezirk;RB;09;112800;48157;2443;9260;;3.2
2025;09161;Ingolstadt, kreisfreie Stadt;KR;09;3807;1732;87;382;5.0;4.4
2025;09162;München, kreisfreie Stadt;KR;09;49405;23924;866;3308;5.8;3.8
2025;09163;Rosenheim, kreisfreie Stadt;KR;09;1957;827;34;161;5.6;3.8
2025;09171;Altötting, Landkreis;KR;09;2456;790;64;234;4.0;3.2
2025;09172;Berchtesgadener Land, Landkreis;KR;09;2070;758;42;172;4.1;2.7
2025;09173;Bad Tölz-Wolfratshausen, Landkreis;KR;09;1759;700;44;172;2.6;2.2
2025;09174;Dachau, Landkreis;KR;09;3058;1290;82;303;3.5;3.1
2025;09175;Ebersberg, Landkreis;KR;09;2573;970;50;197;3.3;2.2
2025;09176;Eichstätt, Landkreis;KR;09;2126;862;78;263;3.0;3.0
2025;09177;Erding, Landkreis;KR;09;2439;831;53;248;3.1;2.6
2025;09178;Freising, Landkreis;KR;09;3879;1620;90;389;3.6;3.1
2025;09179;Fürstenfeldbruck, Landkreis;KR;09;4718;1877;97;392;4.1;3.1
2025;09180;Garmisch-Partenkirchen, Landkreis;KR;09;1759;735;49;150;3.9;2.8
2025;09181;Landsberg am Lech, Landkreis;KR;09;2188;625;48;204;3.5;2.8
2025;09182;Miesbach, Landkreis;KR;09;1708;578;38;147;3.2;2.3
2025;09183;Mühldorf a.Inn, Landkreis;KR;09;2665;897;65;267;4.2;3.4
2025;09184;München, Landkreis;KR;09;7049;3165;215;631;3.8;3.2
2025;09185;Neuburg-Schrobenhausen, Landkreis;KR;09;1793;686;48;197;3.4;3.1
2025;09186;Pfaffenhofen a.d.Ilm, Landkreis;KR;09;2098;802;79;259;2.9;3.2
2025;09187;Rosenheim, Landkreis;KR;09;4745;1501;119;444;3.4;2.6
2025;09188;Starnberg, Landkreis;KR;09;2693;1027;61;205;4.1;2.8
2025;09189;Traunstein, Landkreis;KR;09;3381;1123;77;315;3.6;2.8
2025;09190;Weilheim-Schongau, Landkreis;KR;09;2475;838;57;220;3.5;2.6
2025;092;Niederbayern, Regierungsbezirk;RB;09;30199;11093;812;3253;;3.8
2025;09261;Landshut, kreisfreie Stadt;KR;09;2773;1356;62;288;6.8;6.0
2025;09262;Passau, kreisfreie Stadt;KR;09;1936;860;47;210;6.8;5.2
2025;09263;Straubing, kreisfreie Stadt;KR;09;1844;768;60;224;6.9;6.6
2025;09271;Deggendorf, Landkreis;KR;09;2724;795;54;276;4.1;3.3
2025;09272;Freyung-Grafenau, Landkreis;KR;09;1625;437;44;166;3.9;3.2
2025;09273;Kelheim, Landkreis;KR;09;2521;980;79;290;3.7;3.3
2025;09274;Landshut, Landkreis;KR;09;3477;1273;94;374;3.9;3.5
2025;09275;Passau, Landkreis;KR;09;4103;1296;108;422;4.0;3.4
2025;09276;Regen, Landkreis;KR;09;1814;570;41;174;4.5;3.5
2025;09277;Rottal-Inn, Landkreis;KR;09;2776;1014;74;286;4.2;3.4
2025;09278;Straubing-Bogen, Landkreis;KR;09;2098;673;69;231;3.7;3.3
2025;09279;Dingolfing-Landau, Landkreis;KR;09;2507;1070;82;314;4.2;4.2
2025;093;Oberpfalz, Regierungsbezirk;RB;09;25396;8382;656;2696;;3.7
2025;09361;Amberg, kreisfreie Stadt;KR;09;1439;505;37;159;6.5;6.0
2025;09362;Regensburg, kreisfreie Stadt;KR;09;4819;1974;99;472;5.4;4.1
2025;09363;Weiden i.d.OPf., kreisfreie Stadt;KR;09;1608;542;45;177;7.2;6.7
2025;09371;Amberg-Sulzbach, Landkreis;KR;09;2159;660;65;263;4.0;4.1
2025;09372;Cham, Landkreis;KR;09;2570;714;75;271;3.8;3.3
2025;09373;Neumarkt i.d.OPf., Landkreis;KR;09;2253;689;57;247;3.0;2.7
2025;09374;Neustadt a.d.Waldnaab, Landkreis;KR;09;2017;481;45;207;4.0;3.6
2025;09375;Regensburg, Landkreis;KR;09;3669;1248;92;401;3.4;3.3
2025;09376;Schwandorf, Landkreis;KR;09;3269;1133;94;333;4.0;3.4
2025;09377;Tirschenreuth, Landkreis;KR;09;1594;435;46;167;4.3;3.9
2025;094;Oberfranken, Regierungsbezirk;RB;09;26697;7351;599;2610;;4.1
2025;09461;Bamberg, kreisfreie Stadt;KR;09;2222;726;40;189;5.5;3.9
2025;09462;Bayreuth, kreisfreie Stadt;KR;09;2250;715;51;208;5.9;3.8
2025;09463;Coburg, kreisfreie Stadt;KR;09;1728;592;42;198;8.1;7.6
2025;09464;Hof, kreisfreie Stadt;KR;09;1941;866;53;225;8.3;8.0
2025;09471;Bamberg, Landkreis;KR;09;2429;530;67;249;3.0;2.7
2025;09472;Bayreuth, Landkreis;KR;09;2065;426;43;196;3.7;3.2
2025;09473;Coburg, Landkreis;KR;09;2262;430;51;242;5.1;5.3
2025;09474;Forchheim, Landkreis;KR;09;2251;673;32;170;3.6;2.4
2025;09475;Hof, Landkreis;KR;09;2238;532;61;234;4.8;4.7
2025;09476;Kronach, Landkreis;KR;09;1587;322;35;157;4.7;4.4
2025;09477;Kulmbach, Landkreis;KR;09;1802;440;34;157;4.8;3.8
2025;09478;Lichtenfels, Landkreis;KR;09;1741;428;43;172;4.9;4.4
2025;09479;Wunsiedel i.Fichtelgebirge, Landkreis;KR;09;2181;671;47;214;6.2;5.7
2025;095;Mittelfranken, Regierungsbezirk;RB;09;48931;20403;1126;4678;;4.3
2025;09561;Ansbach, kreisfreie Stadt;KR;09;1241;493;25;128;5.6;5.0
2025;09562;Erlangen, kreisfreie Stadt;KR;09;3216;1347;82;311;5.0;3.8
2025;09563;Fürth, kreisfreie Stadt;KR;09;4561;2031;87;404;6.3;5.3
2025;09564;Nürnberg, kreisfreie Stadt;KR;09;22572;11467;523;2093;7.9;6.4
2025;09565;Schwabach, kreisfreie Stadt;KR;09;1074;395;25;99;5.1;4.2
2025;09571;Ansbach, Landkreis;KR;09;3200;979;80;329;3.2;2.7
2025;09572;Erlangen-Höchstadt, Landkreis;KR;09;2454;710;50;236;3.3;3.0
2025;09573;Fürth, Landkreis;KR;09;2101;516;46;195;3.4;3.1
2025;09574;Nürnberger Land, Landkreis;KR;09;2929;862;67;277;3.3;3.0
2025;09575;Neustadt a.d.Aisch-Bad Windsheim, Landkreis;KR;09;1744;532;47;181;3.2;2.9
2025;09576;Roth, Landkreis;KR;09;1836;419;41;202;2.7;2.6
2025;09577;Weißenburg-Gunzenhausen, Landkreis;KR;09;2003;652;52;224;4.0;3.6
2025;096;Unterfranken, Regierungsbezirk;RB;09;30428;10077;700;3074;;3.8
2025;09661;Aschaffenburg, kreisfreie Stadt;KR;09;3171;1433;70;312;8.1;7.2
2025;09662;Schweinfurt, kreisfreie Stadt;KR;09;2124;902;41;197;7.8;5.6
2025;09663;Würzburg, kreisfreie Stadt;KR;09;3728;1306;67;370;5.2;3.5
2025;09671;Aschaffenburg, Landkreis;KR;09;4284;1402;106;427;4.7;4.3
2025;09672;Bad Kissingen, Landkreis;KR;09;2135;581;41;191;4.0;3.1
2025;09673;Rhön-Grabfeld, Landkreis;KR;09;1692;418;42;182;4.1;3.7
2025;09674;Haßberge, Landkreis;KR;09;1625;347;37;158;3.6;3.0
2025;09675;Kitzingen, Landkreis;KR;09;1668;496;30;165;3.3;2.8
2025;09676;Miltenberg, Landkreis;KR;09;3385;1267;92;357;5.0;4.6
2025;09677;Main-Spessart, Landkreis;KR;09;1927;536;41;187;2.9;2.6
2025;09678;Schweinfurt, Landkreis;KR;09;1893;460;56;211;3.1;3.2
2025;09679;Würzburg, Landkreis;KR;09;2798;931;77;319;3.2;3.3
2025;097;Schwaben, Regierungsbezirk;RB;09;40839;15127;1015;4341;;3.4
2025;09761;Augsburg, kreisfreie Stadt;KR;09;11765;5371;317;1237;7.3;6.2
2025;09762;Kaufbeuren, kreisfreie Stadt;KR;09;1212;443;53;167;5.1;5.8
2025;09763;Kempten (Allgäu), kreisfreie Stadt;KR;09;1629;524;40;197;4.4;4.2
2025;09764;Memmingen, kreisfreie Stadt;KR;09;994;420;31;122;4.1;4.1
2025;09771;Aichach-Friedberg, Landkreis;KR;09;2418;724;56;247;3.3;2.9
2025;09772;Augsburg, Landkreis;KR;09;5064;1660;118;537;3.7;3.4
2025;09773;Dillingen a.d.Donau, Landkreis;KR;09;1764;624;42;177;3.4;2.7
2025;09774;Günzburg, Landkreis;KR;09;2057;712;46;230;2.9;2.6
2025;09775;Neu-Ulm, Landkreis;KR;09;3369;1302;58;310;3.4;2.7
2025;09776;Lindau (Bodensee), Landkreis;KR;09;1466;505;25;136;3.4;2.6
2025;09777;Ostallgäu, Landkreis;KR;09;2352;660;53;247;3.0;2.5
2025;09778;Unterallgäu, Landkreis;KR;09;2154;673;51;235;2.7;2.3
2025;09779;Donau-Ries, Landkreis;KR;09;1990;705;51;250;2.7;2.7
2025;09780;Oberallgäu, Landkreis;KR;09;2604;805;73;249;3.1;2.5
2025;10;Saarland;BL;10;39289;14492;767;3193;8.0;6.2
2025;10041;Saarbrücken, Regionalverband;KR;10;17899;7397;414;1625;10.9;9.2
2025;10042;Merzig-Wadern, Landkreis;KR;10;2539;720;49;208;4.9;3.3
2025;10043;Neunkirchen, Landkreis;KR;10;5879;2059;177;663;8.9;9.8
2025;10044;Saarlouis, Landkreis;KR;10;6924;2405;33;248;7.1;2.6
2025;10045;Saarpfalz-Kreis;KR;10;4065;1347;78;360;5.8;5.2
2025;10046;St. Wendel, Landkreis;KR;10;1984;563;16;90;4.6;2.2
2025;11;Berlin;BL;11;218315;92635;4705;17019;11.6;9.3
2025;12;Brandenburg;BL;12;86413;19477;1961;8107;6.9;6.9
2025;12051;Brandenburg an der Havel, kreisfreie Stadt;KR;12;3471;890;75;342;9.9;9.9
2025;12052;Cottbus, kreisfreie Stadt;KR;12;4227;1231;61;299;9.0;6.0
2025;12053;Frankfurt (Oder), kreisfreie Stadt;KR;12;2747;910;57;282;10.3;10.5
2025;12054;Potsdam, kreisfreie Stadt;KR;12;6258;2159;120;495;6.6;5.0
2025;12060;Barnim, Landkreis;KR;12;5768;1235;130;552;6.1;6.4
2025;12061;Dahme-Spreewald, Landkreis;KR;12;3849;858;67;268;4.3;3.2
2025;12062;Elbe-Elster, Landkreis;KR;12;3295;506;68;299;7.1;7.5
2025;12063;Havelland, Landkreis;KR;12;6193;1655;180;717;7.3;8.6
2025;12064;Märkisch-Oderland, Landkreis;KR;12;6174;986;170;654;6.5;7.8
2025;12065;Oberhavel, Landkreis;KR;12;6305;1467;158;661;5.8;6.3
2025;12066;Oberspreewald-Lausitz, Landkreis;KR;12;3971;588;67;297;7.9;6.6
2025;12067;Oder-Spree, Landkreis;KR;12;6185;1415;134;560;7.2;7.4
2025;12068;Ostprignitz-Ruppin, Landkreis;KR;12;3594;636;98;396;7.7;8.6
2025;12069;Potsdam-Mittelmark, Landkreis;KR;12;5705;1412;125;499;5.2;4.9
2025;12070;Prignitz, Landkreis;KR;12;3198;635;73;337;9.3;9.9
2025;12071;Spree-Neiße, Landkreis;KR;12;3593;607;62;260;6.9;6.0
2025;12072;Teltow-Fläming, Landkreis;KR;12;5232;1106;126;488;5.8;5.6
2025;12073;Uckermark, Landkreis;KR;12;6650;1183;193;703;12.5;14.1
2025;13;Mecklenburg-Vorpommern;BL;13;65605;11944;1993;7170;8.6;9.1
2025;13001;Greifswald, Hansestadt, kreisfreie Stadt;KR;13;;;;;;
2025;13002;Neubrandenburg, Stadt,  kreisfreie Stadt;KR;13;;;;;;
2025;13003;Rostock, kreisfreie Stadt;KR;13;8582;1772;250;1017;8.3;7.4
2025;13004;Schwerin, kreisfreie Stadt;KR;13;5334;1682;163;639;11.4;12.1
2025;13005;Stralsund, Hansestadt,  kreisfreie Stadt;KR;13;;;;;;
2025;13006;Wismar, Hansestadt,  kreisfreie Stadt;KR;13;;;;;;
2025;13051;Bad Doberan, Landkreis;KR;13;;;;;;
2025;13052;Landkreis Demmin;KR;13;;;;;;
2025;13053;Güstrow, Landkreis;KR;13;;;;;;
2025;13054;Landkreis Ludwigslust;KR;13;;;;;;
2025;13055;Mecklenburg-Strelitz, Landkreis;KR;13;;;;;;
2025;13056;Landkreis Müritz;KR;13;;;;;;
2025;13057;Nordvorpommern, Landkreis;KR;13;;;;;;
2025;13058;Landkreis Nordwestmecklenburg;KR;13;;;;;;
2025;13059;Ostvorpommern, Landkreis;KR;13;;;;;;
2025;13060;Landkreis Parchim;KR;13;;;;;;
2025;13061;Rügen, Landkreis;KR;13;;;;;;
2025;13062;Landkreis Uecker-Randow;KR;13;;;;;;
2025;13071;Mecklenburgische Seenplatte, Landkreis;KR;13;11697;1775;330;1346;9.9;11.2
2025;13072;Landkreis Rostock;KR;13;6583;1235;210;682;6.5;7.4
2025;13073;Vorpommern-Rügen, Landkreis;KR;13;10348;1665;373;1080;9.9;10.1
2025;13074;Nordwestmecklenburg, Landkreis;KR;13;5605;904;148;565;7.3;7.4
2025;13075;Vorpommern-Greifswald, Landkreis;KR;13;10565;1741;306;1162;10.0;10.3
2025;13076;Ludwigslust-Parchim, Landkreis;KR;13;6891;1171;213;679;6.7;7.4
2025;14;Sachsen;BL;14;148747;37806;3623;15193;7.5;7.3
2025;141;Chemnitz, Regierungsbezirk;RB;14;;;;;;
2025;14161;Chemnitz, kreisfreie Stadt;KR;14;;;;;;
2025;14166;Plauen, kreisfreie Stadt;KR;14;;;;;;
2025;14167;Zwickau, kreisfreie Stadt;KR;14;;;;;;
2025;14171;Annaberg, Landkreis;KR;14;;;;;;
2025;14173;Chemnitzer Land, Landkreis;KR;14;;;;;;
2025;14177;Freiberg, Landkreis;KR;14;;;;;;
2025;14178;Vogtlandkreis;KR;14;;;;;;
2025;14181;Mittlerer Erzgebirgskreis;KR;14;;;;;;
2025;14182;Mittweida, Landkreis;KR;14;;;;;;
2025;14188;Stollberg, Landkreis;KR;14;;;;;;
2025;14191;Aue-Schwarzenberg, Landkreis;KR;14;;;;;;
2025;14193;Zwickauer Land, Landkreis;KR;14;;;;;;
2025;142;Dresden, Regierungsbezirk;RB;14;;;;;;
2025;14262;Dresden, kreisfreie Stadt;KR;14;;;;;;
2025;14263;Görlitz, kreisfreie Stadt;KR;14;;;;;;
2025;14264;Hoyerswerda, kreisfreie Stadt;KR;14;;;;;;
2025;14272;Bautzen, Landkreis;KR;14;;;;;;
2025;14280;Meißen, Landkreis;KR;14;;;;;;
2025;14284;Niederschlesischer Oberlausitzkreis;KR;14;;;;;;
2025;14285;Riesa-Großenhain, Landkreis;KR;14;;;;;;
2025;14286;Löbau-Zittau, Landkreis;KR;14;;;;;;
2025;14287;Sächsische Schweiz, Landkreis;KR;14;;;;;;
2025;14290;Weißeritzkreis;KR;14;;;;;;
2025;14292;Kamenz, Landkreis;KR;14;;;;;;
2025;143;Leipzig, Regierungsbezirk;RB;14;;;;;;
2025;14365;Leipzig, kreisfreie Stadt;KR;14;;;;;;
2025;14374;Delitzsch, Landkreis;KR;14;;;;;;
2025;14375;Döbeln, Landkreis;KR;14;;;;;;
2025;14379;Leipziger Land, Landkreis;KR;14;;;;;;
2025;14383;Muldentalkreis;KR;14;;;;;;
2025;14389;Torgau-Oschatz, Landkreis;KR;14;;;;;;
2025;145;Chemnitz, Statistische Region;RB;14;46993;11741;1300;5222;;
2025;14511;Chemnitz, kreisfreie Stadt;KR;14;12103;4286;355;1396;10.4;10.4
2025;14521;Erzgebirgskreis;KR;14;9245;1768;316;1116;6.1;7.0
2025;14522;Mittelsachsen, Landkreis;KR;14;8946;1840;246;975;6.4;6.9
2025;14523;Vogtlandkreis;KR;14;6926;1678;189;781;6.8;7.6
2025;14524;Zwickau, Landkreis;KR;14;9774;2169;194;954;6.7;6.3
2025;146;Dresden, Statistische Region;RB;14;56553;13923;1288;5421;;
2025;14612;Dresden, kreisfreie Stadt;KR;14;22103;7011;501;2229;7.6;6.5
2025;14625;Bautzen, Landkreis;KR;14;9404;1708;213;830;6.7;6.2
2025;14626;Görlitz, Landkreis;KR;14;10819;2271;250;974;9.7;9.3
2025;14627;Meißen, Landkreis;KR;14;7238;1485;135;657;6.4;5.8
2025;14628;Sächsische Schweiz-Osterzgebirge, Landkreis;KR;14;6990;1449;190;732;6.0;6.2
2025;147;Leipzig, Statistische Region;RB;14;45201;12142;1035;4550;;
2025;14713;Leipzig, kreisfreie Stadt;KR;14;29688;9179;657;2962;9.2;7.7
2025;14729;Leipzig, Landkreis;KR;14;8203;1630;212;861;6.6;7.5
2025;14730;Nordsachsen, Landkreis;KR;14;7309;1332;166;727;7.5;7.7
2025;15;Sachsen-Anhalt;BL;15;88574;18187;2294;9046;8.5;8.8
2025;15001;Dessau-Roßlau, kreisfreie Stadt;KR;15;3584;920;77;363;10.0;10.9
2025;15002;Halle (Saale), kreisfreie Stadt;KR;15;12278;3965;330;1314;10.5;8.8
2025;15003;Magdeburg, kreisfreie Stadt, Landeshauptstadt;KR;15;11804;3439;255;1193;9.8;8.5
2025;15081;Altmarkkreis Salzwedel;KR;15;3146;533;92;360;8.0;10.2
2025;15082;Anhalt-Bitterfeld, Landkreis;KR;15;5943;931;157;578;7.8;8.1
2025;15083;Börde, Landkreis;KR;15;5068;781;125;488;6.1;6.7
2025;15084;Burgenlandkreis;KR;15;6513;1524;200;719;7.8;8.7
2025;15085;Harz, Landkreis;KR;15;6191;685;131;601;6.4;6.6
2025;15086;Jerichower Land, Landkreis;KR;15;3338;578;90;349;7.9;9.8
2025;15087;Mansfeld-Südharz, Landkreis;KR;15;6451;821;174;635;10.9;11.6
2025;15088;Saalekreis;KR;15;6684;1358;214;743;7.3;8.8
2025;15089;Salzlandkreis;KR;15;8091;1198;189;757;9.5;9.5
2025;15090;Stendal, Landkreis;KR;15;5111;737;156;529;10.1;11.5
2025;15091;Wittenberg, Landkreis;KR;15;4371;719;104;416;7.5;7.9
2025;151;Dessau, Statistische Region;RB;15;;;;;;
2025;15101;Dessau, kreisfreie Stadt;KR;15;;;;;;
2025;15151;Anhalt-Zerbst, Kreis;KR;15;;;;;;
2025;15153;Bernburg, Kreis;KR;15;;;;;;
2025;15154;Bitterfeld, Kreis;KR;15;;;;;;
2025;15159;Köthen, Kreis;KR;15;;;;;;
2025;15171;Wittenberg, Kreis;KR;15;;;;;;
2025;152;Halle, Statistische Region;RB;15;;;;;;
2025;15202;Halle (Saale), kreisfreie Stadt;KR;15;;;;;;
2025;15256;Burgenlandkreis;KR;15;;;;;;
2025;15260;Mansfelder Land, Kreis;KR;15;;;;;;
2025;15261;Merseburg-Querfurt, Kreis;KR;15;;;;;;
2025;15265;Saalkreis;KR;15;;;;;;
2025;15266;Sangerhausen, Kreis;KR;15;;;;;;
2025;15268;Weißenfels, Kreis;KR;15;;;;;;
2025;153;Magdeburg, Statistische Region;RB;15;;;;;;
2025;15303;Magdeburg, kreisfreie Stadt;KR;15;;;;;;
2025;15352;Aschersleben-Staßfurt, Kreis;KR;15;;;;;;
2025;15355;Bördekreis;KR;15;;;;;;
2025;15357;Halberstadt, Kreis;KR;15;;;;;;
2025;15358;Jerichower Land, Kreis;KR;15;;;;;;
2025;15362;Ohrekreis;KR;15;;;;;;
2025;15363;Stendal, Kreis;KR;15;;;;;;
2025;15364;Quedlinburg, Kreis;KR;15;;;;;;
2025;15367;Schönebeck, Kreis;KR;15;;;;;;
2025;15369;Wernigerode, Kreis;KR;15;;;;;;
2025;15370;Altmarkkreis Salzwedel, Kreis;KR;15;;;;;;
2025;16;Thüringen;BL;16;70417;16541;2049;7301;6.9;6.9
2025;16051;Erfurt, kreisfreie Stadt;KR;16;7423;2173;181;725;6.8;5.5
2025;16052;Gera, kreisfreie Stadt;KR;16;4842;1773;172;582;11.2;12.2
2025;16053;Jena, kreisfreie Stadt;KR;16;3546;1160;88;341;6.6;5.2
2025;16054;Suhl, kreisfreie Stadt;KR;16;1277;242;37;140;7.8;8.5
2025;16055;Weimar, kreisfreie Stadt;KR;16;2099;508;44;187;6.8;5.0
2025;16056;Eisenach, kreisfreie Stadt;KR;16;;;;;;
2025;16061;Eichsfeld, Landkreis;KR;16;2448;486;75;225;4.7;4.2
2025;16062;Nordhausen, Landkreis;KR;16;3403;781;115;380;8.9;9.7
2025;16063;Wartburgkreis;KR;16;5023;1130;129;492;6.5;6.4
2025;16064;Unstrut-Hainich-Kreis;KR;16;3676;692;115;400;8.0;8.5
2025;16065;Kyffhäuserkreis;KR;16;3013;451;75;270;9.1;8.2
2025;16066;Schmalkalden-Meiningen, Landkreis;KR;16;3272;520;98;325;5.5;5.4
2025;16067;Gotha, Landkreis;KR;16;4771;1157;152;550;7.1;7.8
2025;16068;Sömmerda, Landkreis;KR;16;2214;322;61;222;6.8;6.8
2025;16069;Hildburghausen, Landkreis;KR;16;1517;289;40;155;5.0;5.4
2025;16070;Ilm-Kreis;KR;16;3571;861;100;359;7.0;7.2
2025;16071;Weimarer Land, Landkreis;KR;16;2056;449;65;229;5.1;5.7
2025;16072;Sonneberg, Landkreis;KR;16;1568;394;52;181;5.8;6.4
2025;16073;Saalfeld-Rudolstadt, Landkreis;KR;16;3237;658;111;374;6.8;8.1
2025;16074;Saale-Holzland-Kreis;KR;16;2184;340;56;219;5.5;5.6
2025;16075;Saale-Orla-Kreis;KR;16;2349;357;61;225;6.3;6.0
2025;16076;Greiz, Landkreis;KR;16;2822;569;88;282;6.5;6.8
2025;16077;Altenburger Land, Landkreis;KR;16;4109;1228;136;436;10.1;10.7
